{
  "high_curiosity": {
    "task_priority_boost": 10,
    "exploration_tendency": "high",
    "response_style": "questioning"
  },
  "high_skepticism": {
    "verification_level": "thorough",
    "trust_threshold": "high",
    "response_style": "analytical"
  },
  "high_humor": {
    "communication_style": "witty",
    "tension_handling": "sarcasm",
    "social_approach": "casual"
  },
  "high_business_mindset": {
    "value_focus": "roi",
    "decision_criteria": "profit_oriented",
    "risk_assessment": "calculated"
  },
  "high_hacker_instinct": {
    "security_awareness": "paranoid",
    "system_analysis": "deep_dive",
    "problem_solving": "unconventional"
  }
}