{
  "sql_injection": [
    "(\\bUNION\\b.*\\bSELECT\\b)",
    "(\\bOR\\b\\s+\\d+\\s*=\\s*\\d+)",
    "('|\\\")(\\s*OR\\s*'1'\\s*=\\s*'1)",
    ";\\s*(DROP|DELETE|INSERT|UPDATE)\\s+",
    "--\\s*$",
    "(/\\*|\\*/)",
    "(xp_|sp_)"
  ],
  "xss": [
    "<script[^>]*>.*?</script>",
    "javascript:",
    "onerror\\s*=",
    "onload\\s*=",
    "<iframe[^>]*>",
    "eval\\s*\\("
  ],
  "command_injection": [
    ";\\s*(ls|cat|rm|wget|curl|bash|sh)\\s",
    "\\|\\s*(ls|cat|rm|wget|curl|bash|sh)\\s",
    "&&\\s*(ls|cat|rm|wget|curl|bash|sh)\\s",
    "`.*`",
    "\\$\\(.*\\)"
  ],
  "path_traversal": [
    "\\.\\./",
    "\\.\\.",
    "\\.\\.\\\\",
    "/etc/passwd",
    "/etc/shadow",
    "C:\\\\Windows"
  ],
  "unauthorized_access": [
    "admin",
    "root",
    "password",
    "token",
    "secret",
    "api[_-]?key"
  ]
}