{
  "signatures": [
    {
      "name": "sql_injection",
      "pattern": [
        "' OR '1'='1",
        "DROP TABLE",
        "UNION SELECT"
      ],
      "severity": "critical"
    },
    {
      "name": "xss_attack",
      "pattern": [
        "<script>",
        "javascript:",
        "onerror="
      ],
      "severity": "high"
    },
    {
      "name": "path_traversal",
      "pattern": [
        "../",
        "..\\",
        "%2e%2e"
      ],
      "severity": "high"
    },
    {
      "name": "command_injection",
      "pattern": [
        "; cat /etc/passwd",
        "| ls -la",
        "&& whoami"
      ],
      "severity": "critical"
    },
    {
      "name": "brute_force",
      "pattern": [
        "rapid_login_attempts",
        "multiple_failed_auth"
      ],
      "severity": "high"
    }
  ],
  "suspicious_patterns": [
    "unusual_user_agent",
    "rapid_api_calls",
    "invalid_token_usage",
    "unauthorized_endpoint_access"
  ],
  "traffic_signatures": {
    "ddos": "high_volume_from_single_source",
    "bot": "automated_pattern_detected",
    "scraper": "systematic_data_extraction"
  },
  "incident_history": [],
  "last_updated": "2025-11-16T13:42:19.495785"
}