{
  "high_stress": {
    "priority_boost": 20,
    "mutation_intensity": "aggressive",
    "log_verbosity": "high",
    "alert_threshold": "low"
  },
  "high_confidence": {
    "priority_boost": -5,
    "mutation_intensity": "moderate",
    "log_verbosity": "normal",
    "alert_threshold": "normal"
  },
  "high_alertness": {
    "priority_boost": 15,
    "mutation_intensity": "conservative",
    "log_verbosity": "high",
    "alert_threshold": "low"
  },
  "low_focus": {
    "priority_boost": 0,
    "mutation_intensity": "minimal",
    "log_verbosity": "low",
    "alert_threshold": "high"
  },
  "high_curiosity": {
    "priority_boost": 5,
    "mutation_intensity": "experimental",
    "log_verbosity": "normal",
    "alert_threshold": "normal"
  }
}