{
  "error": {
    "stress_level": 15,
    "confidence": -10,
    "focus_level": 5
  },
  "success": {
    "confidence": 10,
    "stress_level": -5,
    "curiosity": 3
  },
  "security_alert": {
    "alertness": 20,
    "stress_level": 10,
    "focus_level": 15
  },
  "user_feedback_positive": {
    "confidence": 15,
    "curiosity": 5,
    "stress_level": -10
  },
  "user_feedback_negative": {
    "confidence": -15,
    "curiosity": 10,
    "stress_level": 5
  },
  "overload": {
    "stress_level": 25,
    "focus_level": -20,
    "alertness": 10
  },
  "idle": {
    "stress_level": -10,
    "focus_level": -5,
    "curiosity": 5
  },
  "learning": {
    "curiosity": 10,
    "focus_level": 10,
    "confidence": 5
  }
}